[{"mindmapName":"calander","mindmapPath":"E:\\yixiaozi\\Code\\C#\\Project\\DocearReminder\\DocearReminder\\bin\\DocearReminder.v1.0.0.1\\Demo\\calander.mm","Text":"你好吗","Time":"\/Date(1646404901938)\/","editDateTime":"\/Date(1646404901938)\/","IDinXML":"988ade3f-c03d-43f1-a52e-8dccc0c67837","ParentNodePath":"2021\u003e12\u003e29"},{"mindmapName":"calander","mindmapPath":"E:\\yixiaozi\\Code\\C#\\Project\\DocearReminder\\DocearReminder\\bin\\DocearReminder.v1.0.0.1\\Demo\\calander.mm","Text":"今天，很开心","Time":"\/Date(1646404901945)\/","editDateTime":"\/Date(1646404901945)\/","IDinXML":"6f5e75b2-91bc-4785-b082-7782f87ccb5a","ParentNodePath":"2021\u003e12\u003e29"},{"mindmapName":"calander","mindmapPath":"E:\\yixiaozi\\Code\\C#\\Project\\DocearReminder\\DocearReminder\\bin\\DocearReminder.v1.0.0.1\\Demo\\calander.mm","Text":"很开心","Time":"\/Date(1646404901945)\/","editDateTime":"\/Date(1646404901945)\/","IDinXML":"12b3e461-7907-4b4d-b499-171419e7e444","ParentNodePath":"2021\u003e12\u003e29"},{"mindmapName":"calander","mindmapPath":"E:\\yixiaozi\\Code\\C#\\Project\\DocearReminder\\DocearReminder\\bin\\DocearReminder.v1.0.0.1\\Demo\\calander.mm","Text":"你知道吗\r\n","Time":"\/Date(1646404901945)\/","editDateTime":"\/Date(1646404901945)\/","IDinXML":"50c313cd-d690-466b-9f67-a0d6165b9372","ParentNodePath":"2021\u003e12\u003e29"},{"mindmapName":"calander","mindmapPath":"E:\\yixiaozi\\Code\\C#\\Project\\DocearReminder\\DocearReminder\\bin\\DocearReminder.v1.0.0.1\\Demo\\calander.mm","Text":"哈哈哈\r\n","Time":"\/Date(1646404901945)\/","editDateTime":"\/Date(1646404901945)\/","IDinXML":"cd0bba0c-82c9-436a-b390-bb7688566e77","ParentNodePath":"2021\u003e12\u003e31"}]