{"reminders":[{"name":"task default","nameFull":null,"time":"\/Date(1640617987478)\/","mindmap":null,"mindmapPath":"D:\\Demo\\calander.mm","editCount":0,"isCompleted":false,"isCurrect":false,"isNew":true,"comleteTime":"\/Date(1640618037780)\/","editTime":null,"remindertype":null,"rhours":0,"rdays":0,"rWeek":0,"rweeks":null,"rMonth":0,"ryear":0,"tasktime":0,"tasklevel":0,"ID":"b99a7998-ca90-4f1f-9540-908ad47141d1","ebstring":0,"isview":false,"isEBType":false},{"name":"task default","nameFull":null,"time":"\/Date(1640618280590)\/","mindmap":null,"mindmapPath":"D:\\Demo\\calander.mm","editCount":0,"isCompleted":false,"isCurrect":false,"isNew":true,"comleteTime":"\/Date(1640618296725)\/","editTime":null,"remindertype":null,"rhours":0,"rdays":0,"rWeek":0,"rweeks":null,"rMonth":0,"ryear":0,"tasktime":0,"tasklevel":0,"ID":"f38acce8-97d7-4c5a-ba60-3d351231b476","ebstring":0,"isview":false,"isEBType":false},{"name":"今天。","nameFull":null,"time":"\/Date(1640730560191)\/","mindmap":"calander","mindmapPath":"D:\\Demo\\calander.mm","editCount":0,"isCompleted":false,"isCurrect":false,"isNew":true,"comleteTime":null,"editTime":null,"remindertype":null,"rhours":0,"rdays":0,"rWeek":0,"rweeks":null,"rMonth":0,"ryear":0,"tasktime":210,"tasklevel":0,"ID":"6f5e75b2-91bc-4785-b082-7782f87ccb5a","ebstring":0,"isview":false,"isEBType":false},{"name":"对了，忘记说了，软件可以按Shift+Space唤出或隐藏","nameFull":null,"time":"\/Date(1640984949031)\/","mindmap":null,"mindmapPath":"D:\\Demo\\教程\\教程.mm","editCount":0,"isCompleted":false,"isCurrect":false,"isNew":true,"comleteTime":"\/Date(1640985023037)\/","editTime":null,"remindertype":null,"rhours":0,"rdays":0,"rWeek":0,"rweeks":null,"rMonth":0,"ryear":0,"tasktime":0,"tasklevel":0,"ID":"9c16916c-39d5-471d-9af8-b8694be6fc3d","ebstring":0,"isview":false,"isEBType":false}],"Fenleis":[],"editCount":0,"reminderCount":0,"NoFenleiMindmaps":[null,"calander"],"mindmaps":""}