﻿<?xml version="1.0" encoding="UTF-8"?>
<Tags>
  <Tag Text="自爱" Occurrence="3" Last="637742153025215546" />
  <Tag Text="温柔" Occurrence="2" Last="637742153008417773" />
  <Tag Text="坚强" Occurrence="3" Last="637742159763832710" />
  <Tag Text="干净" Occurrence="1" Last="637742166361599297" />
  <Tag Text="程序员" Occurrence="1" Last="637742179320643928" />
  <Tag Text="诚信可靠" Occurrence="6" Last="637742159771830332" />
  <Tag Text=" 真诚" Occurrence="1" Last="637754381675238475" />
  <Tag Text=" 修行者" Occurrence="1" Last="637744501344759802" />
  <Tag Text=" 信念" Occurrence="7" Last="637742155845475444" />
  <Tag Text=" 设计师" Occurrence="1" Last="637742179467766358" />
  <Tag Text=" 善良" Occurrence="1" Last="637761396065590244" />
  <Tag Text=" 人人都是贵人" Occurrence="1" Last="637743061468983016" />
  <Tag Text=" 谦虚" Occurrence="1" Last="637743589124255084" />
  <Tag Text=" 立刻行动" Occurrence="1" Last="637743061181449780" />
  <Tag Text=" 乐观是一种独特的魅力 " Occurrence="11" Last="637742159884185204" />
  <Tag Text=" 减肥" Occurrence="1" Last="637754933533386661" />
  <Tag Text=" 坚持做对的事" Occurrence="1" Last="637820004391473067" />
  <Tag Text=" 活着就为改变世界" Occurrence="1" Last="637748959642366093" />
  <Tag Text=" 光 " Occurrence="1" Last="637742256151508375" />
  <Tag Text=" 成为精致的人" Occurrence="1" Last="637754933618169526" />
  <Tag Text=" 不成为问题" Occurrence="1" Last="637754381353409610" />
  <Tag Text=" Win" Occurrence="1" Last="637742912937460292" />
</Tags>