{"AllTime":{"Ticks":3388920663,"Days":0,"Hours":0,"Milliseconds":892,"Minutes":5,"Seconds":38,"TotalDays":0.0039223618784722221,"TotalHours":0.094136685083333324,"TotalMilliseconds":338892.0663,"TotalMinutes":5.648201105,"TotalSeconds":338.8920663},"todayTime":{"Ticks":3388920663,"Days":0,"Hours":0,"Milliseconds":892,"Minutes":5,"Seconds":38,"TotalDays":0.0039223618784722221,"TotalHours":0.094136685083333324,"TotalMilliseconds":338892.0663,"TotalMinutes":5.648201105,"TotalSeconds":338.8920663},"TimeLog":[{"ID":"48f9f7b7-3142-4143-9d7c-92024f58f494","startDate":"\/Date(1646372035046)\/","endDate":"\/Date(1646372048216)\/","Log":"","leaveSecound":0},{"ID":"87f050c9-c0fd-43a8-ba70-86785fcac23e","startDate":"\/Date(1646372056371)\/","endDate":"\/Date(1646372065279)\/","Log":"","leaveSecound":0},{"ID":"8e197b0d-6396-41a4-86dc-fb2936f92cb9","startDate":"\/Date(1646374129375)\/","endDate":"\/Date(1646374158894)\/","Log":"","leaveSecound":0},{"ID":"df9c87c2-6c03-4bc8-8117-59882b9d0737","startDate":"\/Date(1646374487031)\/","endDate":"\/Date(1646374492516)\/","Log":"","leaveSecound":0},{"ID":"415ed893-d22f-4650-9553-b0eb6c64c559","startDate":"\/Date(1646374558135)\/","endDate":"\/Date(1646374559916)\/","Log":"","leaveSecound":0},{"ID":"524e85ca-751b-48ff-a739-a14510a37b30","startDate":"\/Date(1646374778381)\/","endDate":"\/Date(1646374989383)\/","Log":"","leaveSecound":0},{"ID":"f6819eaa-4644-4711-9ad6-57c1b93a06e5","startDate":"\/Date(1646375019952)\/","endDate":"\/Date(1646375023107)\/","Log":"","leaveSecound":0},{"ID":"2003b4d4-3823-480b-b252-cc8407ed5c67","startDate":"\/Date(1646377747131)\/","endDate":"\/Date(1646377749934)\/","Log":"","leaveSecound":0},{"ID":"57e3f45b-6c57-40e2-8200-2b5d7336e498","startDate":"\/Date(1646377892802)\/","endDate":"\/Date(1646377896028)\/","Log":"","leaveSecound":0},{"ID":"77b8b2e9-314f-43c7-9064-942240959ca7","startDate":"\/Date(1646377901084)\/","endDate":"\/Date(1646377902649)\/","Log":"","leaveSecound":0},{"ID":"bdb2f8f6-c3ce-497a-93db-38c09b7f8080","startDate":"\/Date(1646377904649)\/","endDate":"\/Date(1646377925286)\/","Log":"","leaveSecound":0},{"ID":"08146b15-5035-4f57-97a0-72703cd90efb","startDate":"\/Date(1646377994343)\/","endDate":"\/Date(1646377998734)\/","Log":"","leaveSecound":0},{"ID":"0e766f5a-63e1-4140-846c-c9645c3bf201","startDate":"\/Date(1646378005038)\/","endDate":"\/Date(1646378005871)\/","Log":"","leaveSecound":0},{"ID":"d44c1a52-ad01-460d-bf60-2f81e8deffaf","startDate":"\/Date(1646390905581)\/","endDate":"\/Date(1646390914996)\/","Log":"","leaveSecound":0},{"ID":"7628b029-7d81-465f-94fd-62c67b6f0b7a","startDate":"\/Date(1646391011117)\/","endDate":"\/Date(1646391012124)\/","Log":"","leaveSecound":0},{"ID":"409f31ba-1936-4d21-87c5-02f1f52ce35a","startDate":"\/Date(1646391017353)\/","endDate":"\/Date(1646391026976)\/","Log":"","leaveSecound":0},{"ID":"e2f1de81-b5ec-4c76-baa4-d1331f07e7f8","startDate":"\/Date(1646401477363)\/","endDate":"\/Date(1646401481291)\/","Log":"","leaveSecound":0},{"ID":"e9a6bd13-e10c-4b8d-b42c-b7a4960c0fa1","startDate":"\/Date(1646401488368)\/","endDate":"\/Date(1646401491284)\/","Log":"","leaveSecound":0},{"ID":"8acf22c2-6dfb-4482-a33f-900b284528d8","startDate":"\/Date(1646401494140)\/","endDate":"\/Date(1646401494907)\/","Log":"","leaveSecound":0},{"ID":"6f48c95c-d176-48a2-8e49-ef6568d01d34","startDate":"\/Date(1646404901887)\/","endDate":"\/Date(1646404906045)\/","Log":"","leaveSecound":0},{"ID":"5149e8e5-bff1-4db5-8063-9d878e6b39b5","startDate":"\/Date(1646404909492)\/","endDate":"\/Date(1646404910095)\/","Log":"","leaveSecound":0}],"Count":21}