[{"IDinXML":null,"mindmapName":"calander","mindmapPath":"D:\\Demo\\calander.mm","Text":"你好吗","Time":"\/Date(1640984171421)\/","editDateTime":"\/Date(1640984171421)\/"},{"IDinXML":null,"mindmapName":"calander","mindmapPath":"D:\\Demo\\calander.mm","Text":"今天，很开心","Time":"\/Date(1640984171428)\/","editDateTime":"\/Date(1640984171428)\/"},{"IDinXML":null,"mindmapName":"calander","mindmapPath":"D:\\Demo\\calander.mm","Text":"很开心","Time":"\/Date(1640984171428)\/","editDateTime":"\/Date(1640984171428)\/"},{"IDinXML":null,"mindmapName":"calander","mindmapPath":"D:\\Demo\\calander.mm","Text":"你知道吗\r\n","Time":"\/Date(1640984171428)\/","editDateTime":"\/Date(1640984171428)\/"},{"IDinXML":null,"mindmapName":"calander","mindmapPath":"D:\\Demo\\calander.mm","Text":"哈哈哈\r\n","Time":"\/Date(1640984171428)\/","editDateTime":"\/Date(1640984171428)\/"}]