{"reminders":[{"name":"task default","nameFull":null,"time":"\/Date(1640514900000)\/","mindmap":"calander","mindmapPath":"D:\\Demo\\calander.mm","editCount":0,"isCompleted":false,"isCurrect":true,"isNew":false,"comleteTime":null,"editTime":null,"remindertype":"","rhours":0,"rdays":0,"rWeek":0,"rweeks":[],"rMonth":0,"ryear":0,"tasktime":0,"tasklevel":8,"ID":"ID_681177332","ebstring":0,"isview":false,"isEBType":false},{"name":"你好吗","nameFull":null,"time":"\/Date(1640813316870)\/","mindmap":"calander","mindmapPath":"D:\\Demo\\calander.mm","editCount":0,"isCompleted":true,"isCurrect":false,"isNew":false,"comleteTime":"\/Date(1640982233595)\/","editTime":null,"remindertype":"","rhours":0,"rdays":0,"rWeek":0,"rweeks":[],"rMonth":0,"ryear":0,"tasktime":300,"tasklevel":1,"ID":"988ade3f-c03d-43f1-a52e-8dccc0c67837","ebstring":0,"isview":false,"isEBType":false},{"name":"今天，很开心","nameFull":null,"time":"\/Date(1640631600000)\/","mindmap":"calander","mindmapPath":"D:\\Demo\\calander.mm","editCount":1,"isCompleted":true,"isCurrect":false,"isNew":false,"comleteTime":"\/Date(1640982233595)\/","editTime":["\/Date(1640807410563)\/"],"remindertype":"","rhours":0,"rdays":0,"rWeek":0,"rweeks":[],"rMonth":0,"ryear":0,"tasktime":210,"tasklevel":1,"ID":"6f5e75b2-91bc-4785-b082-7782f87ccb5a","ebstring":0,"isview":false,"isEBType":false},{"name":"很开心","nameFull":null,"time":"\/Date(1640743200000)\/","mindmap":"calander","mindmapPath":"D:\\Demo\\calander.mm","editCount":2,"isCompleted":true,"isCurrect":false,"isNew":false,"comleteTime":"\/Date(1640982233595)\/","editTime":["\/Date(1640732553331)\/","\/Date(1640807290958)\/"],"remindertype":"","rhours":0,"rdays":0,"rWeek":0,"rweeks":[],"rMonth":0,"ryear":0,"tasktime":180,"tasklevel":1,"ID":"12b3e461-7907-4b4d-b499-171419e7e444","ebstring":0,"isview":false,"isEBType":false},{"name":"你知道吗\r\n","nameFull":null,"time":"\/Date(1640903400000)\/","mindmap":"calander","mindmapPath":"D:\\Demo\\calander.mm","editCount":1,"isCompleted":true,"isCurrect":false,"isNew":false,"comleteTime":"\/Date(1640982233595)\/","editTime":["\/Date(1640732553331)\/"],"remindertype":"","rhours":0,"rdays":0,"rWeek":0,"rweeks":[],"rMonth":0,"ryear":0,"tasktime":30,"tasklevel":1,"ID":"50c313cd-d690-466b-9f67-a0d6165b9372","ebstring":0,"isview":false,"isEBType":false},{"name":"哈哈哈\r\n","nameFull":null,"time":"\/Date(1640836800000)\/","mindmap":"calander","mindmapPath":"D:\\Demo\\calander.mm","editCount":2,"isCompleted":true,"isCurrect":false,"isNew":false,"comleteTime":"\/Date(1640982233595)\/","editTime":["\/Date(1640807290958)\/","\/Date(1640807410563)\/"],"remindertype":"","rhours":0,"rdays":0,"rWeek":0,"rweeks":[],"rMonth":0,"ryear":0,"tasktime":30,"tasklevel":1,"ID":"cd0bba0c-82c9-436a-b390-bb7688566e77","ebstring":0,"isview":false,"isEBType":false},{"name":"新的一年新的开始！","nameFull":null,"time":"\/Date(1640977200000)\/","mindmap":"calander","mindmapPath":"D:\\Demo\\calander.mm","editCount":0,"isCompleted":false,"isCurrect":true,"isNew":false,"comleteTime":null,"editTime":null,"remindertype":"","rhours":0,"rdays":0,"rWeek":0,"rweeks":[],"rMonth":0,"ryear":0,"tasktime":240,"tasklevel":6,"ID":"42f7c7c4-2031-4685-b4ac-e1f9b010025d","ebstring":0,"isview":false,"isEBType":false},{"name":"o是完成任务","nameFull":null,"time":"\/Date(1640982408391)\/","mindmap":"教程","mindmapPath":"D:\\Demo\\教程\\教程.mm","editCount":0,"isCompleted":false,"isCurrect":true,"isNew":false,"comleteTime":null,"editTime":null,"remindertype":"","rhours":0,"rdays":0,"rWeek":0,"rweeks":[],"rMonth":0,"ryear":0,"tasktime":0,"tasklevel":1,"ID":"f5ca11a9-5244-4547-b960-d2cff347b1f4","ebstring":0,"isview":false,"isEBType":false},{"name":"按P则会将任务推迟，一般任务为一天，周期任务按周期推迟","nameFull":null,"time":"\/Date(1640982533468)\/","mindmap":"教程","mindmapPath":"D:\\Demo\\教程\\教程.mm","editCount":0,"isCompleted":false,"isCurrect":true,"isNew":false,"comleteTime":null,"editTime":null,"remindertype":"","rhours":0,"rdays":0,"rWeek":0,"rweeks":[],"rMonth":0,"ryear":0,"tasktime":0,"tasklevel":1,"ID":"7af744b8-9834-4f6d-88b3-29985a29cd6f","ebstring":0,"isview":false,"isEBType":false},{"name":"右边设置周期右边就是设置周期的地方，稍后我会给出说明图","nameFull":null,"time":"\/Date(1640982586664)\/","mindmap":"教程","mindmapPath":"D:\\Demo\\教程\\教程.mm","editCount":0,"isCompleted":false,"isCurrect":true,"isNew":false,"comleteTime":null,"editTime":null,"remindertype":"","rhours":0,"rdays":0,"rWeek":0,"rweeks":[],"rMonth":0,"ryear":0,"tasktime":0,"tasklevel":1,"ID":"da0072a3-c07a-4e17-80a4-e2200b3791a7","ebstring":0,"isview":false,"isEBType":false},{"name":"如果想添加任务，可以再输入框内输入任务名称然后At比如教程，回车就可以了","nameFull":null,"time":"\/Date(1640982656940)\/","mindmap":"教程","mindmapPath":"D:\\Demo\\教程\\教程.mm","editCount":0,"isCompleted":false,"isCurrect":true,"isNew":false,"comleteTime":null,"editTime":null,"remindertype":"","rhours":0,"rdays":0,"rWeek":0,"rweeks":[],"rMonth":0,"ryear":0,"tasktime":0,"tasklevel":1,"ID":"a2dd6e67-eeba-43ec-86fa-6840d901be63","ebstring":0,"isview":false,"isEBType":false},{"name":"1和2可以切换选中状态","nameFull":null,"time":"\/Date(1640982760969)\/","mindmap":"教程","mindmapPath":"D:\\Demo\\教程\\教程.mm","editCount":0,"isCompleted":false,"isCurrect":true,"isNew":false,"comleteTime":null,"editTime":null,"remindertype":"","rhours":0,"rdays":0,"rWeek":0,"rweeks":[],"rMonth":0,"ryear":0,"tasktime":0,"tasklevel":1,"ID":"457d1977-6207-4273-8c93-4bb46bf3e509","ebstring":0,"isview":false,"isEBType":false},{"name":"j,k则是向上向下","nameFull":null,"time":"\/Date(1640982799578)\/","mindmap":"教程","mindmapPath":"D:\\Demo\\教程\\教程.mm","editCount":0,"isCompleted":false,"isCurrect":true,"isNew":false,"comleteTime":null,"editTime":null,"remindertype":"","rhours":0,"rdays":0,"rWeek":0,"rweeks":[],"rMonth":0,"ryear":0,"tasktime":0,"tasklevel":1,"ID":"7535c8f2-691e-4929-abdf-daf010d73c76","ebstring":0,"isview":false,"isEBType":false},{"name":"5可以切换看周期任务还是单次任务","nameFull":null,"time":"\/Date(1640982852634)\/","mindmap":"教程","mindmapPath":"D:\\Demo\\教程\\教程.mm","editCount":0,"isCompleted":false,"isCurrect":true,"isNew":false,"comleteTime":null,"editTime":null,"remindertype":"","rhours":0,"rdays":0,"rWeek":0,"rweeks":[],"rMonth":0,"ryear":0,"tasktime":0,"tasklevel":1,"ID":"3f17e75e-da30-4a23-8f95-b6f16930be26","ebstring":0,"isview":false,"isEBType":false},{"name":"6可以看某些不重要任务","nameFull":null,"time":"\/Date(1640982871893)\/","mindmap":"教程","mindmapPath":"D:\\Demo\\教程\\教程.mm","editCount":0,"isCompleted":false,"isCurrect":true,"isNew":false,"comleteTime":null,"editTime":null,"remindertype":"","rhours":0,"rdays":0,"rWeek":0,"rweeks":[],"rMonth":0,"ryear":0,"tasktime":0,"tasklevel":1,"ID":"26037389-3414-4f8e-a933-c60883b02005","ebstring":0,"isview":false,"isEBType":false},{"name":"设置不重要任务的方法是任务选中时按z,然后按6就可以找到它了","nameFull":null,"time":"\/Date(1640982922526)\/","mindmap":"教程","mindmapPath":"D:\\Demo\\教程\\教程.mm","editCount":0,"isCompleted":false,"isCurrect":true,"isNew":false,"comleteTime":null,"editTime":null,"remindertype":"","rhours":0,"rdays":0,"rWeek":0,"rweeks":[],"rMonth":0,"ryear":0,"tasktime":0,"tasklevel":1,"ID":"1a7d00c0-b992-4313-a270-aee7078088d6","ebstring":0,"isview":false,"isEBType":false},{"name":"q换出日历","nameFull":null,"time":"\/Date(1640982990852)\/","mindmap":"教程","mindmapPath":"D:\\Demo\\教程\\教程.mm","editCount":0,"isCompleted":false,"isCurrect":true,"isNew":false,"comleteTime":null,"editTime":null,"remindertype":"","rhours":0,"rdays":0,"rWeek":0,"rweeks":[],"rMonth":0,"ryear":0,"tasktime":20,"tasklevel":1,"ID":"afc5d3f1-07c3-48a3-acd4-22983290fc05","ebstring":0,"isview":false,"isEBType":false},{"name":"在输入框输入tool,showlog,j,k则是向上向下se,j,k则是向上向下F,j,k则是向上向下f,o=0.5,t番茄汁，T正番茄钟则会有对应功能自己研究吧","nameFull":null,"time":"\/Date(1640983072523)\/","mindmap":"教程","mindmapPath":"D:\\Demo\\教程\\教程.mm","editCount":0,"isCompleted":false,"isCurrect":true,"isNew":false,"comleteTime":null,"editTime":null,"remindertype":"","rhours":0,"rdays":0,"rWeek":0,"rweeks":[],"rMonth":0,"ryear":0,"tasktime":0,"tasklevel":1,"ID":"6c1aa95a-ad25-49e2-885f-08ecdfa360f0","ebstring":0,"isview":false,"isEBType":false},{"name":"右侧有一个标签云，如果你想添加可以手动添加，但好像不会自动保存","nameFull":null,"time":"\/Date(1640983116150)\/","mindmap":"教程","mindmapPath":"D:\\Demo\\教程\\教程.mm","editCount":0,"isCompleted":false,"isCurrect":true,"isNew":false,"comleteTime":null,"editTime":null,"remindertype":"","rhours":0,"rdays":0,"rWeek":0,"rweeks":[],"rMonth":0,"ryear":0,"tasktime":0,"tasklevel":1,"ID":"7c7765fe-1258-4f00-9200-bc72429568c0","ebstring":0,"isview":false,"isEBType":false},{"name":"标签云如果想添加可以输入g然后输入想添加的标签，试一试吧","nameFull":null,"time":"\/Date(1640983162078)\/","mindmap":"教程","mindmapPath":"D:\\Demo\\教程\\教程.mm","editCount":0,"isCompleted":false,"isCurrect":true,"isNew":false,"comleteTime":null,"editTime":null,"remindertype":"","rhours":0,"rdays":0,"rWeek":0,"rweeks":[],"rMonth":0,"ryear":0,"tasktime":0,"tasklevel":1,"ID":"f8c7a68f-7da8-4b63-8d86-cd2ebc687155","ebstring":0,"isview":false,"isEBType":false},{"name":"到这里你应该去看一下config.ini文件了，如果有说明疑问，后续我会给出说明文档","nameFull":null,"time":"\/Date(1640983213492)\/","mindmap":"教程","mindmapPath":"D:\\Demo\\教程\\教程.mm","editCount":0,"isCompleted":false,"isCurrect":true,"isNew":false,"comleteTime":null,"editTime":null,"remindertype":"","rhours":0,"rdays":0,"rWeek":0,"rweeks":[],"rMonth":0,"ryear":0,"tasktime":0,"tasklevel":1,"ID":"11b5d7d6-1407-46ef-b460-f3187b7787bd","ebstring":0,"isview":false,"isEBType":false},{"name":"软件基于思维导图，所以请使用docear-1.2.0.0_stable_build291打开思维导图，软件我也会分享的","nameFull":null,"time":"\/Date(1640983292263)\/","mindmap":"教程","mindmapPath":"D:\\Demo\\教程\\教程.mm","editCount":0,"isCompleted":false,"isCurrect":true,"isNew":false,"comleteTime":null,"editTime":null,"remindertype":"","rhours":0,"rdays":0,"rWeek":0,"rweeks":[],"rMonth":0,"ryear":0,"tasktime":0,"tasklevel":5,"ID":"8ec94778-236e-4abe-b862-e0331bf9be48","ebstring":0,"isview":false,"isEBType":false},{"name":"思维导图打开比较繁琐，你可以按N，B，Shift+N查看当前导图，具体请自己查看效果","nameFull":null,"time":"\/Date(1640983347537)\/","mindmap":"教程","mindmapPath":"D:\\Demo\\教程\\教程.mm","editCount":0,"isCompleted":false,"isCurrect":true,"isNew":false,"comleteTime":null,"editTime":null,"remindertype":"","rhours":0,"rdays":0,"rWeek":0,"rweeks":[],"rMonth":0,"ryear":0,"tasktime":0,"tasklevel":1,"ID":"541d6a1c-70ff-4c1b-968f-9cb6629d212e","ebstring":0,"isview":false,"isEBType":false},{"name":"软件下方有一些数字，你能猜出他们时干什么的吗？","nameFull":null,"time":"\/Date(1640983396912)\/","mindmap":"教程","mindmapPath":"D:\\Demo\\教程\\教程.mm","editCount":0,"isCompleted":false,"isCurrect":true,"isNew":false,"comleteTime":null,"editTime":null,"remindertype":"","rhours":0,"rdays":0,"rWeek":0,"rweeks":[],"rMonth":0,"ryear":0,"tasktime":0,"tasklevel":1,"ID":"f9dfcf9c-8479-40d1-b774-bebc14a0a5d9","ebstring":0,"isview":false,"isEBType":false},{"name":"软件有详细的使用记录，加密保存了，密匙时配置文件中的abc","nameFull":null,"time":"\/Date(1640983699696)\/","mindmap":"教程","mindmapPath":"D:\\Demo\\教程\\教程.mm","editCount":0,"isCompleted":false,"isCurrect":true,"isNew":false,"comleteTime":null,"editTime":null,"remindertype":"","rhours":0,"rdays":0,"rWeek":0,"rweeks":[],"rMonth":0,"ryear":0,"tasktime":0,"tasklevel":1,"ID":"9a7a863f-dd01-4c0c-a4f8-3b93701566c8","ebstring":0,"isview":false,"isEBType":false},{"name":"对了，忘记说了，软件可以按Shift+Space唤出或隐藏","nameFull":null,"time":"\/Date(1640983735710)\/","mindmap":"教程","mindmapPath":"D:\\Demo\\教程\\教程.mm","editCount":0,"isCompleted":false,"isCurrect":true,"isNew":false,"comleteTime":null,"editTime":null,"remindertype":"","rhours":0,"rdays":0,"rWeek":0,"rweeks":[],"rMonth":0,"ryear":0,"tasktime":20,"tasklevel":8,"ID":"fe943e51-eecf-4000-97e9-7fc8c14c3576","ebstring":0,"isview":false,"isEBType":false},{"name":"如果你想设置任务的时间，时长，等级可以尝试按下t,m,l","nameFull":null,"time":"\/Date(1640983786891)\/","mindmap":"教程","mindmapPath":"D:\\Demo\\教程\\教程.mm","editCount":0,"isCompleted":false,"isCurrect":true,"isNew":false,"comleteTime":null,"editTime":null,"remindertype":"","rhours":0,"rdays":0,"rWeek":0,"rweeks":[],"rMonth":0,"ryear":0,"tasktime":0,"tasklevel":1,"ID":"2af7e4f9-77af-43e1-97d3-5e0d180edf54","ebstring":0,"isview":false,"isEBType":false},{"name":"此软件是我个人每天都会使用的工具，分享出来也是希望有人喜欢，如果你真的需要它，我会帮你适应它，虽然这确实需要一些时间","nameFull":null,"time":"\/Date(1640983876178)\/","mindmap":"教程","mindmapPath":"D:\\Demo\\教程\\教程.mm","editCount":0,"isCompleted":false,"isCurrect":true,"isNew":false,"comleteTime":null,"editTime":null,"remindertype":"","rhours":0,"rdays":0,"rWeek":0,"rweeks":[],"rMonth":0,"ryear":0,"tasktime":0,"tasklevel":1,"ID":"2b365ac3-fb91-427d-8c8a-0a523c1bb215","ebstring":0,"isview":false,"isEBType":false},{"name":"软件还有很多不完善的地方，不过目前作为一个工具来说已经非常好用了","nameFull":null,"time":"\/Date(1640983953356)\/","mindmap":"教程","mindmapPath":"D:\\Demo\\教程\\教程.mm","editCount":0,"isCompleted":false,"isCurrect":true,"isNew":false,"comleteTime":null,"editTime":null,"remindertype":"","rhours":0,"rdays":0,"rWeek":0,"rweeks":[],"rMonth":0,"ryear":0,"tasktime":0,"tasklevel":1,"ID":"b69702d2-fb71-47fa-8b71-a202760bbe51","ebstring":0,"isview":false,"isEBType":false},{"name":"软件集成了快速启动功能，在配置文件里可以填写需要索引的文件夹，浏览器书签文件","nameFull":null,"time":"\/Date(1640984024891)\/","mindmap":"教程","mindmapPath":"D:\\Demo\\教程\\教程.mm","editCount":0,"isCompleted":false,"isCurrect":true,"isNew":false,"comleteTime":null,"editTime":null,"remindertype":"","rhours":0,"rdays":0,"rWeek":0,"rweeks":[],"rMonth":0,"ryear":0,"tasktime":0,"tasklevel":1,"ID":"4775ae00-e212-4265-a022-9abe4c82d509","ebstring":0,"isview":false,"isEBType":false},{"name":"输入框可能是你经常需要使用的地方，因为很多命令和功能都是输入框添加某些字符唤醒的","nameFull":null,"time":"\/Date(1640984085295)\/","mindmap":"教程","mindmapPath":"D:\\Demo\\教程\\教程.mm","editCount":0,"isCompleted":false,"isCurrect":true,"isNew":false,"comleteTime":null,"editTime":null,"remindertype":"","rhours":0,"rdays":0,"rWeek":0,"rweeks":[],"rMonth":0,"ryear":0,"tasktime":0,"tasklevel":1,"ID":"a39b4c3d-ceb3-4a5f-9be6-0347a7b83f16","ebstring":0,"isview":false,"isEBType":false},{"name":"比如1左边的键是最近打开文档，at,#,*,分别对应导图，工作区文档，所有文件。","nameFull":null,"time":"\/Date(1640984253644)\/","mindmap":"教程","mindmapPath":"D:\\Demo\\教程\\教程.mm","editCount":0,"isCompleted":false,"isCurrect":true,"isNew":false,"comleteTime":null,"editTime":null,"remindertype":"","rhours":0,"rdays":0,"rWeek":0,"rweeks":[],"rMonth":0,"ryear":0,"tasktime":0,"tasklevel":1,"ID":"1377b932-91a7-4ee0-9a9e-03733a16155c","ebstring":0,"isview":false,"isEBType":false},{"name":"F1-F12某些也有特定功能，F1,帮助，F重命名，F5刷新，F11推出，F12操作记录。","nameFull":null,"time":"\/Date(1640984346930)\/","mindmap":"教程","mindmapPath":"D:\\Demo\\教程\\教程.mm","editCount":0,"isCompleted":false,"isCurrect":true,"isNew":false,"comleteTime":null,"editTime":null,"remindertype":"","rhours":0,"rdays":0,"rWeek":0,"rweeks":[],"rMonth":0,"ryear":0,"tasktime":0,"tasklevel":1,"ID":"d3143f60-a91a-462f-937b-7279e0b7da9d","ebstring":0,"isview":false,"isEBType":false},{"name":"在任务上时按x,则将其设置为重点任务","nameFull":null,"time":"\/Date(1640984403554)\/","mindmap":"教程","mindmapPath":"D:\\Demo\\教程\\教程.mm","editCount":0,"isCompleted":false,"isCurrect":true,"isNew":false,"comleteTime":null,"editTime":null,"remindertype":"","rhours":0,"rdays":0,"rWeek":0,"rweeks":[],"rMonth":0,"ryear":0,"tasktime":0,"tasklevel":1,"ID":"0029029b-d198-4cec-bf36-14af7889ddf6","ebstring":0,"isview":false,"isEBType":false},{"name":"输入框无论何时输入三个j,会帮你重新回到任务栏，大部分时候你不需要使用鼠标。","nameFull":null,"time":"\/Date(1640984465182)\/","mindmap":"教程","mindmapPath":"D:\\Demo\\教程\\教程.mm","editCount":0,"isCompleted":false,"isCurrect":true,"isNew":false,"comleteTime":null,"editTime":null,"remindertype":"","rhours":0,"rdays":0,"rWeek":0,"rweeks":[],"rMonth":0,"ryear":0,"tasktime":0,"tasklevel":1,"ID":"2ff7484c-d484-4fd4-8c91-0460b73fc85d","ebstring":0,"isview":false,"isEBType":false},{"name":"今天先到这里吧，如果你真的有兴趣让这款软件今后帮助你，那我很乐意提供更多指导。","nameFull":null,"time":"\/Date(1640984568361)\/","mindmap":"教程","mindmapPath":"D:\\Demo\\教程\\教程.mm","editCount":0,"isCompleted":false,"isCurrect":true,"isNew":false,"comleteTime":null,"editTime":null,"remindertype":"","rhours":0,"rdays":0,"rWeek":0,"rweeks":[],"rMonth":0,"ryear":0,"tasktime":0,"tasklevel":5,"ID":"066a5708-0983-496e-bfbf-144a8d37f019","ebstring":0,"isview":false,"isEBType":false},{"name":"软件还有很多不完美的地方，可是这是一个工具，不是一个产品，请不要太严格评价它","nameFull":null,"time":"\/Date(1640985038063)\/","mindmap":"教程","mindmapPath":"D:\\Demo\\教程\\教程.mm","editCount":0,"isCompleted":false,"isCurrect":true,"isNew":false,"comleteTime":null,"editTime":null,"remindertype":"","rhours":0,"rdays":0,"rWeek":0,"rweeks":[],"rMonth":0,"ryear":0,"tasktime":0,"tasklevel":1,"ID":"0f6d9ac5-9572-4d33-a26d-f2f4628422b3","ebstring":0,"isview":false,"isEBType":false},{"name":"最后，希望你喜欢。","nameFull":null,"time":"\/Date(1640985062411)\/","mindmap":"教程","mindmapPath":"D:\\Demo\\教程\\教程.mm","editCount":0,"isCompleted":false,"isCurrect":true,"isNew":false,"comleteTime":null,"editTime":null,"remindertype":"","rhours":0,"rdays":0,"rWeek":0,"rweeks":[],"rMonth":0,"ryear":0,"tasktime":0,"tasklevel":1,"ID":"91dddaf7-207e-460a-938d-fbeb0128320a","ebstring":0,"isview":false,"isEBType":false},{"name":"软件还会记录剪切板操作，在文件夹的2022年内，请相信你的数据绝对时安全的。此软件不会有任何联网行为，源码已经公开，相信有心的人一定能找到。","nameFull":null,"time":"\/Date(1640985311368)\/","mindmap":"教程","mindmapPath":"D:\\Demo\\教程\\教程.mm","editCount":0,"isCompleted":false,"isCurrect":true,"isNew":false,"comleteTime":null,"editTime":null,"remindertype":"","rhours":0,"rdays":0,"rWeek":0,"rweeks":[],"rMonth":0,"ryear":0,"tasktime":0,"tasklevel":1,"ID":"82db03aa-6d66-4ed1-a8cd-07701d6fff0d","ebstring":0,"isview":false,"isEBType":false}],"Fenleis":[],"editCount":6,"reminderCount":39,"NoFenleiMindmaps":["calander","教程"],"mindmaps":""}