{"AllTime":{"Ticks":29930677848,"Days":0,"Hours":0,"Milliseconds":67,"Minutes":49,"Seconds":53,"TotalDays":0.03464198825,"TotalHours":0.831407718,"TotalMilliseconds":2993067.7848,"TotalMinutes":49.88446308,"TotalSeconds":2993.0677848},"todayTime":{"Ticks":28008717848,"Days":0,"Hours":0,"Milliseconds":871,"Minutes":46,"Seconds":40,"TotalDays":0.032417497509259256,"TotalHours":0.77801994022222221,"TotalMilliseconds":2800871.7848,"TotalMinutes":46.681196413333332,"TotalSeconds":2800.8717847999997},"TimeLog":[{"ID":"b3ffa8a8-4fbf-45d5-9d10-f1cbf1adc0d2","startDate":"\/Date(1640514848079)\/","endDate":"\/Date(1640514851062)\/","Log":"","leaveSecound":0},{"ID":"b3362707-6482-4034-85f2-26010e4e01fe","startDate":"\/Date(1640514858905)\/","endDate":"\/Date(1640514863384)\/","Log":"","leaveSecound":0},{"ID":"9258f1d0-41c3-4552-b94a-6dfc100053fd","startDate":"\/Date(1640514866776)\/","endDate":"\/Date(1640514867070)\/","Log":"","leaveSecound":0},{"ID":"03a699b3-bd31-498d-b35f-10d40f0e2d79","startDate":"\/Date(1640514870824)\/","endDate":"\/Date(1640514872981)\/","Log":"","leaveSecound":0},{"ID":"7a5b4c5f-1f06-48f1-9bd3-0ae5aa3093d9","startDate":"\/Date(1640514911622)\/","endDate":"\/Date(1640514916647)\/","Log":"","leaveSecound":0},{"ID":"c444a6ea-8412-4ccd-a092-e65c9a1ac0d2","startDate":"\/Date(1640514916940)\/","endDate":"\/Date(1640514917616)\/","Log":"","leaveSecound":0},{"ID":"0e0e2c62-5473-431f-8704-4e9f0051fa1c","startDate":"\/Date(1640514918227)\/","endDate":"\/Date(1640514918753)\/","Log":"","leaveSecound":0},{"ID":"646e171f-994d-4197-80cf-e44ee9d3e562","startDate":"\/Date(1640514919725)\/","endDate":"\/Date(1640514920231)\/","Log":"","leaveSecound":0},{"ID":"777d55be-4afe-4119-90b0-b01daf011abd","startDate":"\/Date(1640514942548)\/","endDate":"\/Date(1640514946671)\/","Log":"","leaveSecound":0},{"ID":"55e2cd34-c24f-4153-b309-d1a573f98ecf","startDate":"\/Date(1640514950184)\/","endDate":"\/Date(1640514950808)\/","Log":"","leaveSecound":0},{"ID":"53bbd76e-308d-490c-b240-b98b1fd310c7","startDate":"\/Date(1640514954366)\/","endDate":"\/Date(1640514954829)\/","Log":"","leaveSecound":0},{"ID":"009054a8-9538-4da3-ab76-73e514996103","startDate":"\/Date(1640514995628)\/","endDate":"\/Date(1640514997223)\/","Log":"","leaveSecound":0},{"ID":"32d34595-ef3a-40ca-bf4c-6d414feac1b4","startDate":"\/Date(1640514998986)\/","endDate":"\/Date(1640514999559)\/","Log":"","leaveSecound":0},{"ID":"cd1aba26-9fe9-417c-9093-90a9341f663f","startDate":"\/Date(1640514999909)\/","endDate":"\/Date(1640515005649)\/","Log":"","leaveSecound":0},{"ID":"35d64ea2-537f-4590-add9-57674dbbb82f","startDate":"\/Date(1640520798743)\/","endDate":"\/Date(1640520801531)\/","Log":"","leaveSecound":0},{"ID":"5f3225ef-25f0-49e0-a5c7-4a6e4290675e","startDate":"\/Date(1640520802938)\/","endDate":"\/Date(1640520807690)\/","Log":"","leaveSecound":0},{"ID":"40360c27-2b9c-40df-9e0b-966bcaa3645b","startDate":"\/Date(1640617979720)\/","endDate":"\/Date(1640617987451)\/","Log":"","leaveSecound":0},{"ID":"476bd57b-870d-4304-9b7d-fa57d85987ae","startDate":"\/Date(1640618251328)\/","endDate":"\/Date(1640618280573)\/","Log":"","leaveSecound":0},{"ID":"aa35db18-cb58-44eb-a2d6-84d6a96711ee","startDate":"\/Date(1640618308698)\/","endDate":"\/Date(1640618316089)\/","Log":"","leaveSecound":0},{"ID":"76153e50-979a-40e7-8f20-ba587ba6f2c6","startDate":"\/Date(1640730483009)\/","endDate":"\/Date(1640730483077)\/","Log":"","leaveSecound":0},{"ID":"57789d65-2ae9-48ae-974d-ffd598389e13","startDate":"\/Date(1640730496216)\/","endDate":"\/Date(1640730499659)\/","Log":"","leaveSecound":0},{"ID":"3f670ba7-72f0-484a-8809-012f6770db08","startDate":"\/Date(1640730534798)\/","endDate":"\/Date(1640730535685)\/","Log":"","leaveSecound":0},{"ID":"3f8a33f7-0278-4439-acef-b7b2a7fc7604","startDate":"\/Date(1640730583560)\/","endDate":"\/Date(1640730586073)\/","Log":"","leaveSecound":0},{"ID":"fbc1b7ea-b1c4-4b73-ab97-2be463239076","startDate":"\/Date(1640731592203)\/","endDate":"\/Date(1640731592803)\/","Log":"","leaveSecound":0},{"ID":"c1805863-51bd-4fcd-9e98-afcce5f43c15","startDate":"\/Date(1640731601265)\/","endDate":"\/Date(1640731602260)\/","Log":"","leaveSecound":0},{"ID":"dc5ff3f5-d34c-40be-b117-6f797fbef92e","startDate":"\/Date(1640731610532)\/","endDate":"\/Date(1640731611654)\/","Log":"","leaveSecound":0},{"ID":"6990bae0-6e3d-4698-b037-609d4bfef86f","startDate":"\/Date(1640732403351)\/","endDate":"\/Date(1640732405958)\/","Log":"","leaveSecound":0},{"ID":"e81d8c11-8253-4f72-9101-8d5ff5ac3f78","startDate":"\/Date(1640732472804)\/","endDate":"\/Date(1640732473560)\/","Log":"","leaveSecound":0},{"ID":"ea4c7dad-6650-48a7-8084-7f23a7c437c9","startDate":"\/Date(1640732493449)\/","endDate":"\/Date(1640732494623)\/","Log":"","leaveSecound":0},{"ID":"feb74ce3-ef99-477d-b41d-0fe65a759028","startDate":"\/Date(1640732495308)\/","endDate":"\/Date(1640732496240)\/","Log":"","leaveSecound":0},{"ID":"62340a81-625b-4852-a37b-117b9b90f491","startDate":"\/Date(1640732499975)\/","endDate":"\/Date(1640732503512)\/","Log":"","leaveSecound":0},{"ID":"e856426e-4e56-4263-be7e-db42d6fba363","startDate":"\/Date(1640732544058)\/","endDate":"\/Date(1640732547464)\/","Log":"","leaveSecound":0},{"ID":"d00a8a41-1633-4719-9fce-843de837f41b","startDate":"\/Date(1640805012460)\/","endDate":"\/Date(1640805016764)\/","Log":"","leaveSecound":0},{"ID":"36e6e4ce-9b31-4046-82cf-83dbf2022f42","startDate":"\/Date(1640805392383)\/","endDate":"\/Date(1640805394711)\/","Log":"","leaveSecound":0},{"ID":"6b9b909a-1428-454d-9828-f9192f79c9fe","startDate":"\/Date(1640806898402)\/","endDate":"\/Date(1640806900457)\/","Log":"","leaveSecound":0},{"ID":"b38f98b6-356f-44eb-9ce9-1ee6629daae5","startDate":"\/Date(1640807162842)\/","endDate":"\/Date(1640807165468)\/","Log":"","leaveSecound":0},{"ID":"26d108a9-4b0b-4f00-867c-bc8fd9728b3a","startDate":"\/Date(1640807290856)\/","endDate":"\/Date(1640807296246)\/","Log":"","leaveSecound":0},{"ID":"2275e970-f200-418b-81ce-2928f4a64571","startDate":"\/Date(1640807419767)\/","endDate":"\/Date(1640807425104)\/","Log":"","leaveSecound":0},{"ID":"f42fbfa7-15e6-4329-a48f-1b33493f343c","startDate":"\/Date(1640807427593)\/","endDate":"\/Date(1640807433476)\/","Log":"","leaveSecound":0},{"ID":"2985ff0e-2419-43e8-b29f-715819c7cbb3","startDate":"\/Date(1640807448620)\/","endDate":"\/Date(1640807454258)\/","Log":"","leaveSecound":0},{"ID":"ea530c78-76b1-48a5-83e9-fb9377fe6e9d","startDate":"\/Date(1640807474011)\/","endDate":"\/Date(1640807475269)\/","Log":"","leaveSecound":0},{"ID":"0f78455f-b1cc-4930-84d0-a23935a5cba8","startDate":"\/Date(1640807476159)\/","endDate":"\/Date(1640807508417)\/","Log":"","leaveSecound":0},{"ID":"845f8b78-c05f-439c-beac-b465695ffdfc","startDate":"\/Date(1640807518985)\/","endDate":"\/Date(1640807521568)\/","Log":"","leaveSecound":0},{"ID":"1b8df2ea-12c4-4ea9-948e-4a29af5ec9f2","startDate":"\/Date(1640903813173)\/","endDate":"\/Date(1640903825074)\/","Log":"","leaveSecound":0},{"ID":"372eabc9-4a6e-415e-b07d-65261b59107d","startDate":"\/Date(1640903825501)\/","endDate":"\/Date(1640903832425)\/","Log":"","leaveSecound":0},{"ID":"2c07018c-1db8-4624-810f-2b5eb642b4d7","startDate":"\/Date(1640982233556)\/","endDate":"\/Date(1640982238191)\/","Log":"","leaveSecound":0},{"ID":"33f45201-6a0f-4cdc-9a7c-6937bd7e4b16","startDate":"\/Date(1640982260421)\/","endDate":"\/Date(1640982271532)\/","Log":"","leaveSecound":0},{"ID":"cc956e96-d688-4b29-8d14-60061bc53ac6","startDate":"\/Date(1640982271813)\/","endDate":"\/Date(1640982301215)\/","Log":"","leaveSecound":0},{"ID":"5a688838-2a0d-4c41-a78b-b6ae1b15cf32","startDate":"\/Date(1640982379087)\/","endDate":"\/Date(1640982444465)\/","Log":"","leaveSecound":0},{"ID":"7680dda6-853e-47b5-94f4-bac22b712861","startDate":"\/Date(1640982444818)\/","endDate":"\/Date(1640982460964)\/","Log":"","leaveSecound":0},{"ID":"b5851520-7106-415b-b5e9-996a3d238bb1","startDate":"\/Date(1640982468074)\/","endDate":"\/Date(1640982484945)\/","Log":"","leaveSecound":0},{"ID":"7751bafc-0f96-4343-bb0d-7d6a8286e672","startDate":"\/Date(1640982493611)\/","endDate":"\/Date(1640982495139)\/","Log":"","leaveSecound":0},{"ID":"104c4d3a-b4f3-41e2-8887-b63f2cfddd4d","startDate":"\/Date(1640982495626)\/","endDate":"\/Date(1640982644398)\/","Log":"","leaveSecound":0},{"ID":"b4170a45-3153-4b85-8d0c-94e033735112","startDate":"\/Date(1640982648289)\/","endDate":"\/Date(1640982683250)\/","Log":"","leaveSecound":0},{"ID":"84e69d6a-46a9-4821-89ac-f1afc8822ccf","startDate":"\/Date(1640982683461)\/","endDate":"\/Date(1640982696836)\/","Log":"","leaveSecound":0},{"ID":"ce92737e-26d2-4ebe-adcb-ce2d9b528376","startDate":"\/Date(1640982698770)\/","endDate":"\/Date(1640982703148)\/","Log":"","leaveSecound":0},{"ID":"3c86e604-7a3b-4c24-86f9-e09d023361da","startDate":"\/Date(1640982713052)\/","endDate":"\/Date(1640982716413)\/","Log":"","leaveSecound":0},{"ID":"660ac07c-d306-4e93-a019-69f15673f822","startDate":"\/Date(1640982716881)\/","endDate":"\/Date(1640982717064)\/","Log":"","leaveSecound":0},{"ID":"47f4ea69-67fb-41cd-9972-0309cdfcb646","startDate":"\/Date(1640982717414)\/","endDate":"\/Date(1640983253183)\/","Log":"","leaveSecound":0},{"ID":"0b1500df-fa9f-4c98-8624-795be2c19e25","startDate":"\/Date(1640983270059)\/","endDate":"\/Date(1640983612308)\/","Log":"","leaveSecound":0},{"ID":"c19d2bc7-c3ab-4ffa-8897-32ee16853dd4","startDate":"\/Date(1640983612700)\/","endDate":"\/Date(1640983667641)\/","Log":"","leaveSecound":0},{"ID":"9336e952-6da7-4045-b8f9-9a0c52af078f","startDate":"\/Date(1640983669700)\/","endDate":"\/Date(1640983674255)\/","Log":"","leaveSecound":0},{"ID":"ddc8f6de-4b53-4921-a30e-f9266ef530bd","startDate":"\/Date(1640983694555)\/","endDate":"\/Date(1640984072071)\/","Log":"","leaveSecound":0},{"ID":"aaba623f-5fb2-4ceb-9743-6e5533af118a","startDate":"\/Date(1640984075797)\/","endDate":"\/Date(1640984077154)\/","Log":"","leaveSecound":0},{"ID":"79d6f6f2-c958-4f20-8514-daf28f46c859","startDate":"\/Date(1640984077405)\/","endDate":"\/Date(1640984113574)\/","Log":"","leaveSecound":0},{"ID":"372fee4f-b1cf-442c-b3a3-5dfcccb2d425","startDate":"\/Date(1640984113881)\/","endDate":"\/Date(1640984116689)\/","Log":"","leaveSecound":0},{"ID":"38009e60-3fe2-4d61-bf55-7fdec4568098","startDate":"\/Date(1640984117052)\/","endDate":"\/Date(1640984118454)\/","Log":"","leaveSecound":0},{"ID":"f642103d-426a-46b0-90df-01928912828c","startDate":"\/Date(1640984122794)\/","endDate":"\/Date(1640984140283)\/","Log":"","leaveSecound":0},{"ID":"0d3d5dd2-0c98-4425-be67-dd5acd042bad","startDate":"\/Date(1640984144027)\/","endDate":"\/Date(1640984166031)\/","Log":"","leaveSecound":0},{"ID":"c090cf41-3fc9-4258-a996-8a6dea2e017c","startDate":"\/Date(1640984166425)\/","endDate":"\/Date(1640984169736)\/","Log":"","leaveSecound":0},{"ID":"b976bf5f-c7b8-471c-aaf2-1b6c9e946689","startDate":"\/Date(1640984171389)\/","endDate":"\/Date(1640984630966)\/","Log":"","leaveSecound":0},{"ID":"24b0d362-4aa1-4613-9c5d-65f75e6b6f59","startDate":"\/Date(1640984663513)\/","endDate":"\/Date(1640984758392)\/","Log":"","leaveSecound":0},{"ID":"81c9e15f-8d99-48c7-b380-df9856d6cd43","startDate":"\/Date(1640984760687)\/","endDate":"\/Date(1640984771190)\/","Log":"","leaveSecound":0},{"ID":"9d81b1e9-9112-42e3-a9da-b1dd3281108f","startDate":"\/Date(1640984771533)\/","endDate":"\/Date(1640984772973)\/","Log":"","leaveSecound":0},{"ID":"7d69a86d-1c9a-4bfc-9b91-67b047be35f5","startDate":"\/Date(1640984773432)\/","endDate":"\/Date(1640984801295)\/","Log":"","leaveSecound":0},{"ID":"a550d901-efe7-4eba-a076-2474716109da","startDate":"\/Date(1640984801745)\/","endDate":"\/Date(1640984817775)\/","Log":"","leaveSecound":0},{"ID":"ec0504f2-ad11-4947-a912-4e1023304347","startDate":"\/Date(1640984848342)\/","endDate":"\/Date(1640984848714)\/","Log":"","leaveSecound":0},{"ID":"76e8b1bb-f339-4dd1-940b-1d4072e11934","startDate":"\/Date(1640984854150)\/","endDate":"\/Date(1640984913933)\/","Log":"","leaveSecound":0},{"ID":"713ffc76-69d0-4be4-aa5d-c89c520f8315","startDate":"\/Date(1640984939557)\/","endDate":"\/Date(1640984943926)\/","Log":"","leaveSecound":0},{"ID":"2be59f40-80ed-4268-81d0-197fdbe6233b","startDate":"\/Date(1640984946029)\/","endDate":"\/Date(1640984949011)\/","Log":"","leaveSecound":0},{"ID":"5b76854c-7983-472c-bd4a-ff957b2c4921","startDate":"\/Date(1640984969251)\/","endDate":"\/Date(1640985332913)\/","Log":"","leaveSecound":0},{"ID":"6dd1a9ee-5323-4745-9a60-de0a9218d3a6","startDate":"\/Date(1640985383392)\/","endDate":"\/Date(1640985393132)\/","Log":"","leaveSecound":0}],"Count":82}